min,p1,p5,p10,p25,median,mean,std,cv,max
9221.75,14779.986666666666,20363.075,23664.27666666667,30304.0,42614.166666666664,48868.01238488809,23044.126947777688,0.47155850674425703,119811.25
