year,n_pairs,mean_bias,std_bias,rmse,r2
2015,253,-0.025794138578008892,0.10737556287904536,0.11022376285021096,0.759016972879424
2017,253,-0.05814018966709514,0.08475576019378901,0.1026422286693968,0.7961531132176614
2019,276,-0.056607921136447935,0.09102287188970792,0.10704952701982652,0.7722993117802543
2021,276,-0.08548112144574044,0.09351894633441706,0.12657459377834004,0.735631392881515
2023,276,-0.05383093048207534,0.10696732797364727,0.11957559021439275,0.7274200429024681
