season,wind_cv_individual,wind_cv_aggregate,wind_cv_reduction,combined_cv_individual,combined_cv_aggregate,combined_cv_reduction,wind_mean_gw,combined_mean_gw,n_hours
Winter,0.7809199456472792,0.41298722784137387,47.115292656654816,0.8270252028819531,0.4170790852134852,49.56875754691871,61.43204455127199,68.32748424684692,21672
Spring,0.8599766667780436,0.44679915625029976,48.04520011871244,0.8877829448365585,0.48259431984342765,45.64050563820263,44.739916751562504,64.57756631908211,22080
Summer,0.9037606247661618,0.4163879742093566,53.927183504250095,0.9509606373661714,0.5733316408104517,39.710265779414385,31.40552867843634,56.47960701501544,22080
Autumn,0.8664971241473708,0.4677828373117766,46.01449626597748,0.9186099728857756,0.4788214879986541,47.87543112617687,47.419415446104246,60.47248824928266,21840
